{
    "UIType": 2,
    "onlyOnMyTank": false,
    "advert": [
        {
            "id": 5300,
            "name": "kazna1_idemo"
        },
        {
            "id": 5301,
            "name": "knackebrod_advert"
        },
        {
            "id": 5302,
            "name": "LGEND_1_advert"
        },
        {
            "id": 5303,
            "name": "LGEND_2_advert"
        },
        {
            "id": 5304,
            "name": "Oops_advert"
        },
        {
            "id": 5305,
            "name": "rusty_roster_1_advert"
        },
        {
            "id": 5306,
            "name": "rusty_roster_2_advert"
        },
        {
            "id": 5307,
            "name": "TheWildBunch_1_advert"
        },
        {
            "id": 5308,
            "name": "TheWildBunch_2_advert"
        }
    ],
    "advert_fix": [
        "germany:G103_RU_251",
        "usa:A18_M41",
        "france:AMX_12t",
        "usa:M41_Bulldog",
        "germany:E-100",
        "germany:E50_Ausf_M",
        "germany:E-50",
        "germany:G16_PzVIB_Tiger_II",
        "france:Bat_Chatillon25t",
        "france:F72_AMX_30",
        "france:F71_AMX_30_prototype",
        "france:Lorraine40t",
        "france:F73_M4A1_Revalorise",
        "france:F10_AMX_50B",
        "france:F09_AMX_50_120",
        "france:Bat_Chatillon155_58",
        "uk:GB24_Centurion_Mk3",
        "uk:GB23_Centurion",
        "uk:GB11_Caernarvon"
    ],
    "camouflages": [
        {
            "id": 5100,
            "name": "KAZNA"
        },
        {
            "id": 5101,
            "name": "DING"
        },
        {
            "id": 5102,
            "name": "knackebrod"
        },
        {
            "id": 5103,
            "name": "OUT_OF_RANGE"
        },
        {
            "id": 5104,
            "name": "rusty_roster"
        },
        {
            "id": 5105,
            "name": "UTOPIA"
        },
        {
            "id": 5106,
            "name": "Oops"
        },
        {
            "id": 5107,
            "name": "GoHard"
        },
        {
            "id": 5108,
            "name": "LGEND"
        },
        {
            "id": 5109,
            "name": "RageQuit"
        },
        {
            "id": 5110,
            "name": "SWIFT"
        },
        {
            "id": 5111,
            "name": "TheWildBunch"
        }
    ],
    "current": [
        9,
        3
    ],
    "logo_fix_1": [
        "usa:A35_Pershing",
        "germany:RhB_Waffentrager",
        "germany:E-100",
        "ussr:T-44",
        "ussr:R53_Object_704",
        "ussr:Object_261",
        "usa:A84_M48A1",
        "usa:A89_T54E1",
        "usa:A63_M46_Patton",
        "usa:T57_58",
        "usa:A69_T110E5",
        "usa:M53_55",
        "france:Bat_Chatillon25t",
        "france:F10_AMX_50B",
        "france:Lorraine155_51",
        "uk:GB32_Tortoise",
        "uk:GB30_FV3805"
    ],
    "logo_fix_2": [
        "france:AMX_13F3AM",
        "uk:GB77_FV304",
        "usa:M44"
    ],
    "logotypes": [
        {
            "id": 5200,
            "mirrored_id": 5201,
            "name": "KAZNA"
        },
        {
            "id": 5202,
            "mirrored_id": 5203,
            "name": "ding"
        },
        {
            "id": 5204,
            "mirrored_id": 5205,
            "name": "GoHard"
        },
        {
            "id": 5206,
            "mirrored_id": 5207,
            "name": "knackebrod"
        },
        {
            "id": 5208,
            "mirrored_id": 5209,
            "name": "LGEND"
        },
        {
            "id": 5210,
            "mirrored_id": 5211,
            "name": "Oops"
        },
        {
            "id": 5212,
            "mirrored_id": 5213,
            "name": "OUT_OF_RANGE"
        },
        {
            "id": 5214,
            "mirrored_id": 5215,
            "name": "RageQuit"
        },
        {
            "id": 5216,
            "mirrored_id": 5217,
            "name": "rusty_roster"
        },
        {
            "id": 5218,
            "mirrored_id": 5219,
            "name": "SWIFT"
        },
        {
            "id": 5220,
            "mirrored_id": 5221,
            "name": "TheWildBunch"
        },
        {
            "id": 5222,
            "mirrored_id": 5223,
            "name": "UTOPIA"
        }
    ],
    "presets": [
        {
            "advert": [
                5300,
                5300
            ],
            "camouflage": 5100,
            "id": 0,
            "logotype": 5200,
            "name": "Kazna",
            "preview": {
                "enable": true,
                "image": "preview/kazna.png"
            }
        },
        {
            "advert": [
                -1,
                -1
            ],
            "camouflage": 5101,
            "id": 1,
            "logotype": 5202,
            "name": "DING",
            "preview": {
                "enable": true,
                "image": "preview/ding.png"
            }
        },
        {
            "advert": [
                5301,
                5301
            ],
            "camouflage": 5102,
            "id": 2,
            "logotype": 5206,
            "name": "KNÄCKEBRÖD",
            "preview": {
                "enable": true,
                "image": "preview/knackebrod.png"
            }
        },
        {
            "advert": [
                -1,
                -1
            ],
            "camouflage": 5103,
            "id": 3,
            "logotype": 5212,
            "name": "OUT_OF_RANGE",
            "preview": {
                "enable": true,
                "image": "preview/out_of_range.png"
            }
        },
        {
            "advert": [
                5305,
                5306
            ],
            "camouflage": 5104,
            "id": 4,
            "logotype": 5216,
            "name": "rusty_roster",
            "preview": {
                "enable": true,
                "image": "preview/rusty_roster.png"
            }
        },
        {
            "advert": [
                -1,
                -1
            ],
            "camouflage": 5105,
            "id": 5,
            "logotype": 5222,
            "name": "UTOPIA",
            "preview": {
                "enable": true,
                "image": "preview/UTOPIA.png"
            }
        },
        {
            "advert": [
                5304,
                5304
            ],
            "camouflage": 5106,
            "id": 6,
            "logotype": 5210,
            "name": "Oops - The Tough Giraffes",
            "preview": {
                "enable": true,
                "image": "preview/Oops.png"
            }
        },
        {
            "advert": [
                -1,
                -1
            ],
            "camouflage": 5107,
            "id": 7,
            "logotype": 5204,
            "name": "GoHard",
            "preview": {
                "enable": true,
                "image": "preview/GoHard.png"
            }
        },
        {
            "advert": [
                5302,
                5303
            ],
            "camouflage": 5108,
            "id": 8,
            "logotype": 5208,
            "name": "LGEND",
            "preview": {
                "enable": true,
                "image": "preview/LGEND.png"
            }
        },
        {
            "advert": [
                -1,
                -1
            ],
            "camouflage": 5109,
            "id": 9,
            "logotype": 5214,
            "name": "RageQuit",
            "preview": {
                "enable": true,
                "image": "preview/RageQuit.png"
            }
        },
        {
            "advert": [
                -1,
                -1
            ],
            "camouflage": 5110,
            "id": 10,
            "logotype": 5218,
            "name": "SWIFT",
            "preview": {
                "enable": true,
                "image": "preview/SWIFT.png"
            }
        },
        {
            "advert": [
                5307,
                5308
            ],
            "camouflage": 5111,
            "id": 11,
            "logotype": 5220,
            "name": "TheWildBunch",
            "preview": {
                "enable": true,
                "image": "preview/TheWildBunch.png"
            }
        },
        {
            "advert": [
                -1,
                -1
            ],
            "camouflage": -1,
            "id": 12,
            "logotype": -1,
            "name": "Clean tanks",
            "preview": {
                "enable": false
            }
        },
        {
            "advert": [
                0,
                0
            ],
            "camouflage": 0,
            "id": 13,
            "logotype": 0,
            "name": "User choice",
            "preview": {
                "enable": false
            }
        }
    ]
}